{"cameraMode":{"drawMode":0,"name":"Shaded","section":"Shading Mode"},"sceneLighting":false,"audioPlay":false,"sceneViewState":{"showFog":false,"showMaterialUpdate":false,"showSkybox":false,"showFlares":false,"showImageEffects":false,"showParticleSystems":false},"in2DMode":false,"pivot":{"x":-3.280825138092041,"y":1.3591349124908448,"z":11.952916145324707},"rotation":{"x":-0.07374722510576248,"y":0.5076240301132202,"z":-0.0436658151447773,"w":-0.8573187589645386},"size":2.3006248474121095,"orthographic":false}