{"cameraMode":{"drawMode":0,"name":"Shaded","section":"Shading Mode"},"sceneLighting":false,"audioPlay":false,"sceneViewState":{"showFog":false,"showMaterialUpdate":false,"showSkybox":false,"showFlares":false,"showImageEffects":false,"showParticleSystems":false},"in2DMode":false,"pivot":{"x":-177.86842346191407,"y":-75.09771728515625,"z":233.5980682373047},"rotation":{"x":-0.12027065455913544,"y":0.29515454173088076,"z":-0.037480272352695468,"w":-0.94712233543396},"size":218.01382446289063,"orthographic":false}