{"cameraMode":{"drawMode":0,"name":"Shaded","section":"Shading Mode"},"sceneLighting":false,"audioPlay":false,"sceneViewState":{"showFog":false,"showMaterialUpdate":false,"showSkybox":false,"showFlares":false,"showImageEffects":false,"showParticleSystems":false},"in2DMode":false,"pivot":{"x":-0.05508089065551758,"y":1.2869279384613038,"z":27.343608856201173},"rotation":{"x":-0.060120005160570148,"y":-0.07121339440345764,"z":0.004297078121453524,"w":-0.9956466555595398},"size":2.2939724922180177,"orthographic":false}