{"cameraMode":{"drawMode":0,"name":"Shaded","section":"Shading Mode"},"sceneLighting":false,"audioPlay":false,"sceneViewState":{"showFog":false,"showMaterialUpdate":false,"showSkybox":false,"showFlares":false,"showImageEffects":false,"showParticleSystems":false},"in2DMode":false,"pivot":{"x":-6.436302185058594,"y":1.515444040298462,"z":-46.76449203491211},"rotation":{"x":-0.040933117270469668,"y":-0.6305599808692932,"z":0.03332822397351265,"w":-0.77435302734375},"size":1.1006245613098145,"orthographic":false}